{
    "self": {
        "_id": 0,
        "avatar": "/static/images/avatar.jpg",
        "birthday": "20/4/96",
        "name": "Vanessa Boyer",
        "gender": "female",
        "email": "vanessaboyer@genekom.com",
        "phone": "136456780",
        "address": "Nettie, Virginia, 5031",
        "explain": "Ut excepteur consequat duis adipisicing ad elit.",
        "about": "Esse esse pariatur sint irure fugiat anim anim magna irure qui. Sit nostrud veniam laboris ipsum voluptate ipsum dolore esse eiusmod sunt duis commodo ad. Dolor commodo Lorem proident excepteur quis magna proident duis adipisicing ea anim veniam aliquip ullamco. Ipsum fugiat Lorem id duis consequat aliquip proident aliquip in duis adipisicing. Qui ad est qui laborum reprehenderit occaecat nisi ad qui ullamco non.\r\n"
    },
    "friend": [
        {   "_id": 1,
            "avatar": "/static/images/avatar1.jpg",
            "birthday": "11/3/95",
            "name": "Pate Tran",
            "gender": "female",
            "email": "patetran@genekom.com",
            "phone": "178412313",
            "address": "North Carolina, 2584",
            "explain": "Dolore ea cupidatat deserunt nostrud officia est ",
            "about": "Ullamco amet velit esse et duis deserunt ex in non eiusmod. Amet anim nisi aliqua minim aute consectetur amet fugiat labore in deserunt duis sunt. Deserunt tempor dolor in adipisicing irure magna in dolor magna exercitation Lorem et Lorem velit. Elit quis et proident ad aliquip qui aute anim eu minim deserunt excepteur. Mollit commodo sunt esse aute do. Quis non nisi id incididunt exercitation sint exercitation.\r\n"
        },
        {   
            "_id": 2,
            "avatar": "/static/images/avatar2.jpg",
            "birthday": "21/6/97",
            "name": "Cardenas Burnett",
            "gender": "female",
            "email": "cardenasburnett@genekom.com",
            "phone": "135523432",
            "address": "Salix, Delaware, 442",
            "explain": "Ipsum sit cupidatat dolore voluptate.",
            "about": "Ea laboris magna ex nisi Lorem anim sint excepteur. Amet nostrud proident dolore ad enim amet ipsum deserunt fugiat duis nisi tempor. Ex id amet duis do nostrud deserunt fugiat. Velit reprehenderit nulla exercitation minim pariatur deserunt do nulla enim Lorem laboris nisi labore incididunt. Laboris proident aliquip in proident cupidatat eiusmod sint nisi sit. Mollit qui pariatur ut exercitation mollit cupidatat. Ad ex cillum voluptate consequat laboris cupidatat.\r\n"
        },
        {   
            "_id": 3,
            "avatar": "/static/images/avatar3.jpg",
            "birthday": "3/3/99",
            "name": "Imelda Horne",
            "gender": "female",
            "email": "imeldahorne@genekom.com",
            "phone": "1581234219",
            "address": "Coldiron, Palau, 7757",
            "explain": "Voluptate ad fugiat magna ut cupidatat",
            "about": "Irure consectetur do ea ea ex proident laborum ex dolore incididunt mollit fugiat. Lorem minim adipisicing labore cillum velit adipisicing. Laboris laboris proident esse deserunt enim exercitation eu qui pariatur excepteur ad Lorem enim veniam.\r\n"
        }
    ]
}